i,scd,src_box4,src_maxd,out_box4,out_bad48,psnr_f0,psnr_f1
0,0.00,3,3,11,0,47.48,47.48
1,0.01,3,6,11,0,47.38,47.44
2,1.08,143,164,126,29417,28.88,29.02
3,0.00,4,6,11,0,47.45,47.47
4,0.14,6,15,11,0,45.64,46.76
5,1.01,141,163,129,30464,28.72,28.85
6,0.00,4,7,11,0,47.50,47.53
7,0.02,4,8,11,0,47.27,47.42
8,1.19,145,170,133,33284,28.42,28.52
9,0.00,4,6,11,0,47.44,47.46
10,0.03,4,9,11,0,47.18,47.33
11,1.24,154,167,137,35176,28.37,28.55
12,0.00,3,7,11,0,47.43,47.46
13,0.03,4,8,11,0,47.20,47.32
14,0.04,160,174,152,921,42.28,41.09
15,0.00,4,8,11,0,47.43,47.44
16,0.02,4,7,11,0,47.23,47.35
17,0.02,150,163,132,281,44.77,45.03
18,0.00,4,6,11,0,47.43,47.44
19,0.02,4,7,11,0,47.26,47.37
20,0.02,150,164,119,262,44.89,44.96
21,0.00,3,5,11,0,47.44,47.45
22,0.01,4,7,11,0,47.34,47.41
23,13.27,172,180,161,457702,16.37,15.54
24,0.00,2,3,10,0,50.15,50.15
25,0.00,1,2,10,0,50.15,50.15
26,0.00,0,2,10,0,50.15,50.15
27,0.00,0,0,10,0,50.15,50.15
28,0.00,0,0,10,0,50.15,50.15
29,0.00,0,0,10,0,50.15,50.15
30,0.00,0,0,10,0,50.15,50.15
31,0.00,0,0,10,0,50.15,50.15
32,0.00,0,0,10,0,50.15,50.15
33,0.00,0,0,10,0,50.15,50.15
34,0.00,0,0,10,0,50.15,50.15
35,0.01,3,6,10,0,49.95,50.03
36,0.05,112,141,68,186,46.90,41.51
37,0.00,3,7,10,0,50.06,50.08
38,0.02,4,7,10,0,49.76,49.93
39,0.03,96,122,56,463,45.23,45.81
40,0.00,3,6,10,0,50.05,50.08
41,0.02,4,7,10,0,49.74,49.93
42,0.06,137,149,113,3823,39.01,44.74
43,0.00,2,6,10,0,50.14,50.14
44,0.01,4,7,9,0,49.93,50.02
45,0.07,136,149,100,627,44.50,39.11
46,0.00,3,6,10,0,50.06,50.08
47,0.02,4,7,10,0,49.78,49.94
48,0.03,95,122,60,432,45.46,45.65
49,0.00,3,5,10,0,50.07,50.08
50,0.02,3,6,10,0,49.79,49.96
51,0.03,95,122,57,466,45.29,45.83
52,0.06,4,11,10,0,47.54,49.23
53,0.02,4,7,10,0,49.81,49.98
54,0.05,95,119,60,435,45.33,45.69
55,0.00,4,6,10,0,50.08,50.12
56,0.03,4,7,10,0,49.63,49.92
57,0.03,95,120,57,486,45.21,45.85
58,0.00,3,5,10,0,50.16,50.16
59,0.02,4,7,10,0,49.72,49.95
60,0.07,134,149,115,3835,38.98,44.69
61,0.00,3,6,10,0,50.12,50.16
62,0.02,4,7,10,0,49.68,49.96
63,0.04,112,137,65,184,46.87,41.48
64,0.00,3,5,10,0,50.10,50.13
65,0.02,4,8,9,0,49.70,49.94
66,0.03,94,119,56,478,45.22,45.85
67,0.00,3,5,10,0,50.15,50.16
68,0.02,4,7,9,0,49.78,49.97
69,0.03,95,119,61,440,45.39,45.72
70,0.00,4,5,10,0,50.11,50.13
71,0.02,4,8,9,0,49.69,49.94
72,0.04,113,136,112,2061,41.33,47.38
73,0.00,3,7,10,0,50.14,50.17
74,0.02,4,8,10,0,49.72,49.98
75,0.04,113,135,68,190,46.88,41.48
76,0.00,3,5,10,0,50.10,50.13
77,0.02,4,8,10,0,49.73,49.95
78,0.03,95,118,56,486,45.20,45.84
79,0.00,3,7,10,0,50.13,50.15
80,0.02,4,9,10,0,49.72,49.95
81,0.04,95,118,60,446,45.37,45.66
82,0.00,3,5,10,0,50.07,50.11
83,0.04,4,7,10,0,49.34,49.80
84,0.07,112,140,112,2055,41.16,47.12
85,0.01,3,6,10,0,49.99,50.08
86,0.00,3,5,10,0,50.08,50.11
87,0.00,3,5,10,0,50.11,50.14
88,0.00,3,4,10,0,50.14,50.14
89,0.00,3,4,10,0,50.13,50.15
90,0.00,3,4,10,0,50.13,50.14
91,0.00,3,5,10,0,50.14,50.15
92,0.00,3,3,10,0,50.14,50.15
93,0.00,3,3,10,0,50.15,50.15
94,0.00,3,3,10,0,50.14,50.15
95,0.01,3,6,10,0,49.91,50.04
96,0.05,112,139,67,186,46.85,41.49
97,0.00,3,5,10,0,50.07,50.10
98,0.02,4,6,10,0,49.73,49.95
99,0.03,95,118,56,472,45.19,45.85
100,0.04,5,12,10,0,47.98,49.33
101,0.02,4,7,10,0,49.81,49.98
102,0.05,95,118,60,428,45.34,45.69
103,0.00,4,7,10,0,50.08,50.11
104,0.03,4,7,10,0,49.64,49.93
105,0.03,95,119,58,489,45.20,45.87
106,0.00,3,4,10,0,50.16,50.16
107,0.02,4,8,10,0,49.75,49.97
108,0.08,134,148,115,3838,38.98,44.72
109,0.00,4,6,10,0,50.13,50.16
110,0.02,4,8,10,0,49.70,49.98
111,0.06,136,148,98,639,44.46,39.11
112,0.00,3,5,10,0,50.15,50.16
113,0.02,4,8,10,0,49.81,50.00
114,0.04,95,122,60,431,45.38,45.71
115,0.00,3,7,10,0,50.10,50.13
116,0.02,4,7,10,0,49.71,49.96
117,0.04,114,138,112,2067,41.35,47.35
118,0.00,3,6,10,0,50.13,50.16
119,0.02,4,7,10,0,49.75,50.01
120,0.04,113,138,68,187,46.88,41.49
121,0.00,3,5,10,0,50.10,50.13
122,0.03,4,6,10,0,49.63,49.94
123,0.07,113,138,112,2078,41.23,47.27
124,0.00,3,5,10,0,50.07,50.13
125,0.00,3,5,10,0,50.13,50.16
126,0.00,3,4,10,0,50.15,50.16
127,0.00,3,3,10,0,50.15,50.16
128,0.00,3,3,10,0,50.15,50.16
129,0.00,3,4,10,0,50.15,50.16
130,11.83,181,192,168,413424,15.83,16.30
131,0.00,2,3,6,0,49.05,49.05
132,0.00,2,3,6,0,49.05,49.05
133,0.00,2,2,6,0,49.05,49.05
134,0.00,2,2,6,0,49.05,49.05
135,0.00,2,2,6,0,49.05,49.05
136,0.00,2,2,6,0,49.05,49.05
137,0.00,2,2,6,0,49.05,49.05
138,0.00,2,2,6,0,49.05,49.05
139,0.00,2,2,6,0,49.05,49.05
140,0.00,2,2,6,0,49.05,49.05
141,0.00,2,2,6,0,49.05,49.05
142,0.00,2,2,6,0,49.05,49.05
143,0.00,2,2,6,0,49.05,49.05
144,0.00,2,2,6,0,49.05,49.05
145,0.00,2,2,6,0,49.05,49.05
146,0.00,2,2,6,0,49.05,49.05
147,0.00,2,2,6,0,49.05,49.05
148,0.02,3,6,7,0,48.71,48.90
149,0.00,2,3,7,0,49.05,49.05
150,0.00,2,2,7,0,49.05,49.04
151,0.00,2,2,7,0,49.05,49.05
152,0.00,2,2,7,0,49.05,49.04
153,0.00,2,2,7,0,49.04,49.04
154,0.00,2,2,7,0,49.04,49.04
155,0.00,2,2,7,0,49.04,49.04
156,0.00,2,2,7,0,49.04,49.04
157,0.00,2,2,7,0,49.04,49.04
158,0.00,2,2,7,0,49.04,49.04
159,0.00,2,2,7,0,49.05,49.05
160,0.00,2,2,7,0,49.04,49.04
161,0.00,0,0,7,0,49.04,49.04
162,0.00,0,0,7,0,49.04,49.04
163,0.00,0,0,7,0,49.04,49.04
164,0.00,0,0,7,0,49.04,49.04
165,0.02,4,6,7,0,48.80,48.89
166,0.36,156,172,148,17159,31.20,33.32
167,0.00,3,6,6,0,49.13,49.14
168,0.04,4,7,6,0,48.67,48.92
169,0.25,145,170,102,9697,34.84,33.47
170,0.00,3,5,7,0,49.02,49.05
171,0.05,4,8,7,0,48.29,48.71
172,0.24,153,179,118,9994,34.53,34.50
173,0.00,2,5,6,0,49.02,49.03
174,0.00,2,4,6,0,49.04,49.04
175,0.00,2,4,6,0,49.04,49.04
176,0.00,2,3,6,0,49.04,49.04
177,0.00,2,3,6,0,49.04,49.04
178,0.00,2,4,6,0,49.04,49.04
179,0.00,2,4,6,0,49.04,49.04
180,0.00,2,3,6,0,49.04,49.04
181,0.00,2,3,6,0,49.04,49.04
182,0.00,2,3,6,0,49.04,49.04
183,0.00,2,3,6,0,49.04,49.04
184,0.00,2,2,6,0,49.04,49.04
185,0.00,2,2,6,0,49.04,49.04
186,0.00,2,2,6,0,49.04,49.04
187,0.00,2,2,6,0,49.04,49.04
188,0.00,2,2,6,0,49.04,49.04
189,0.00,2,2,6,0,49.04,49.04
190,0.00,2,2,6,0,49.04,49.04
191,0.00,2,2,6,0,49.04,49.04
192,0.00,2,2,6,0,49.04,49.04
193,0.00,2,2,6,0,49.04,49.04
194,0.00,2,2,6,0,49.04,49.04
195,0.00,2,3,6,0,49.04,49.04
196,0.03,3,7,8,0,48.64,48.87
197,0.00,2,4,6,0,49.04,49.05
198,0.00,2,3,6,0,49.04,49.04
199,0.00,2,2,6,0,49.04,49.05
200,0.00,2,2,6,0,49.04,49.04
201,0.00,2,2,6,0,49.04,49.05
202,0.00,2,2,6,0,49.04,49.04
203,0.00,2,2,6,0,49.04,49.05
204,0.00,2,2,6,0,49.04,49.04
205,0.00,2,2,6,0,49.04,49.05
206,0.00,2,2,6,0,49.04,49.04
207,0.00,2,2,6,0,49.04,49.05
208,0.00,2,2,6,0,49.04,49.04
209,0.00,2,2,6,0,49.04,49.05
210,0.00,2,2,6,0,49.05,49.05
211,0.00,2,2,6,0,49.04,49.05
212,0.00,2,2,6,0,49.05,49.04
213,0.00,2,2,6,0,49.04,49.04
214,0.00,2,2,6,0,49.04,49.04
215,0.00,2,2,6,0,49.04,49.04
216,0.00,2,2,6,0,49.04,49.04
217,0.00,2,2,6,0,49.04,49.04
218,0.00,2,2,6,0,49.04,49.04
219,0.00,2,2,6,0,49.05,49.05
220,0.00,1,2,6,0,49.05,49.05
221,0.00,0,0,6,0,49.05,49.05
222,0.00,0,0,6,0,49.05,49.05
223,0.00,2,4,7,0,49.04,49.05
224,0.00,1,2,6,0,49.05,49.05
225,0.00,3,6,6,0,48.99,49.02
226,0.67,124,167,88,9209,33.47,33.52
227,0.02,4,9,8,0,48.81,48.96
228,0.68,117,192,94,8841,33.41,33.60
229,0.00,4,6,7,0,49.02,49.04
230,0.02,4,9,7,0,48.74,48.91
231,0.67,120,196,89,9043,33.39,33.54
232,0.00,3,6,7,0,48.98,49.01
233,0.03,5,8,7,0,48.54,48.81
234,0.66,124,163,95,7986,33.66,33.88
235,0.00,3,7,7,0,48.97,49.00
236,0.00,3,6,7,0,49.00,49.02
237,0.00,3,5,7,0,49.02,49.03
238,0.00,3,5,7,0,49.03,49.03
239,0.00,3,4,7,0,49.03,49.04
240,0.00,3,3,7,0,49.03,49.04
241,0.00,3,3,7,0,49.03,49.03
242,0.00,3,4,7,0,49.03,49.03
243,0.00,3,3,7,0,49.03,49.03
244,0.12,6,18,11,0,46.53,48.17
245,16.92,180,220,187,560552,13.70,14.49
246,0.00,2,3,10,0,49.79,49.79
247,0.00,2,3,10,0,49.79,49.79
248,0.04,3,7,10,0,49.39,49.46
249,0.28,114,156,98,6188,35.47,35.60
250,0.00,3,6,12,0,49.70,49.70
251,0.05,4,7,12,0,49.12,49.29
252,0.64,145,162,136,15345,31.53,31.40
253,0.00,4,6,10,0,49.79,49.79
254,0.05,4,8,11,0,49.09,49.26
255,0.49,139,156,114,9326,33.48,33.40
256,0.00,3,6,10,0,49.78,49.79
257,0.09,4,7,11,0,48.64,49.00
258,0.51,141,155,118,10968,32.95,32.88
259,0.03,3,7,11,0,49.44,49.49
260,0.01,3,6,11,0,49.63,49.66
261,0.01,3,7,11,0,49.49,49.53
262,0.01,3,7,11,0,49.57,49.61
263,0.00,3,5,11,0,49.68,49.70
264,0.00,3,5,11,0,49.71,49.72
265,0.00,3,5,11,0,49.72,49.73
266,0.00,3,6,11,0,49.73,49.73
267,0.00,3,4,11,0,49.74,49.74
268,0.00,3,5,11,0,49.73,49.73
269,0.00,3,3,11,0,49.74,49.74
270,0.00,3,4,11,0,49.74,49.74
271,0.00,3,4,11,0,49.74,49.74
272,0.00,3,4,11,0,49.74,49.75
273,0.00,3,3,11,0,49.74,49.74
274,0.00,3,4,11,0,49.74,49.75
275,0.00,3,4,11,0,49.74,49.74
276,0.00,3,4,11,0,49.74,49.75
277,0.00,3,4,11,0,49.74,49.74
278,0.00,3,3,11,0,49.74,49.75
279,0.00,3,4,11,0,49.74,49.74
280,0.00,3,3,11,0,49.75,49.75
281,0.00,3,4,11,0,49.74,49.75
282,0.00,3,3,11,0,49.75,49.75
283,0.00,3,4,11,0,49.74,49.75
284,0.00,3,4,11,0,49.75,49.75
285,0.00,3,4,11,0,49.74,49.75
286,0.00,3,4,11,0,49.75,49.75
287,0.00,3,3,11,0,49.75,49.75
288,0.00,3,3,11,0,49.75,49.75
289,0.00,3,3,11,0,49.75,49.75
290,0.00,3,3,11,0,49.75,49.75
291,0.00,3,4,11,0,49.75,49.75
292,0.05,3,8,11,0,48.93,49.38
293,0.00,2,3,10,0,49.90,49.90
294,0.00,1,4,10,0,49.91,49.91
295,0.00,2,4,10,0,49.90,49.90
296,0.00,1,3,10,0,49.91,49.91
297,0.00,1,3,10,0,49.91,49.91
298,0.00,0,0,10,0,49.91,49.91
299,0.00,0,0,10,0,49.91,49.91
300,0.00,0,0,10,0,49.91,49.91
301,0.00,0,0,10,0,49.91,49.91
302,0.00,0,0,10,0,49.91,49.91
303,0.00,0,0,10,0,49.91,49.91
304,0.00,0,0,10,0,49.91,49.91
305,0.00,0,0,10,0,49.91,49.91
306,0.00,0,0,10,0,49.91,49.91
307,0.00,0,0,10,0,49.91,49.91
308,0.00,0,0,10,0,49.91,49.91
309,0.00,0,0,10,0,49.91,49.91
310,0.00,0,0,10,0,49.91,49.91
311,0.00,0,0,10,0,49.91,49.91
312,0.00,0,0,10,0,49.91,49.91
313,0.00,0,0,10,0,49.91,49.91
314,0.00,0,0,10,0,49.91,49.91
315,0.00,0,0,10,0,49.91,49.91
316,0.00,0,0,10,0,49.91,49.91
317,0.00,0,0,10,0,49.91,49.91
318,0.00,0,0,10,0,49.91,49.91
319,0.00,0,0,10,0,49.91,49.91
320,0.00,0,0,10,0,49.91,49.91
321,0.00,0,0,10,0,49.91,49.91
322,0.00,0,0,10,0,49.91,49.91
323,0.00,0,0,10,0,49.91,49.91
324,0.00,0,0,10,0,49.91,49.91
325,0.00,0,0,10,0,49.91,49.91
326,0.00,0,0,10,0,49.91,49.91
327,0.00,0,0,10,0,49.91,49.91
328,0.00,0,0,10,0,49.91,49.91
329,0.00,0,0,10,0,49.91,49.91
330,0.00,0,0,10,0,49.91,49.91
331,0.00,0,0,10,0,49.91,49.91
332,0.00,0,0,10,0,49.91,49.91
333,0.00,0,0,10,0,49.91,49.91
334,0.00,0,0,10,0,49.91,49.91
335,0.00,0,0,10,0,49.91,49.91
336,0.00,1,3,10,0,49.91,49.91
337,0.00,0,0,10,0,49.91,49.91
338,0.00,0,0,10,0,49.91,49.91
339,0.00,1,2,10,0,49.91,49.91
340,0.07,4,10,10,0,48.43,49.02
341,0.03,3,7,11,0,49.55,49.62
342,1.04,144,162,133,42022,27.45,27.22
343,0.00,5,7,11,0,49.81,49.82
344,0.04,4,7,11,0,49.31,49.47
345,0.93,144,158,130,39804,27.45,27.42
346,0.00,5,7,13,0,49.84,49.85
347,0.04,4,8,13,0,49.35,49.50
348,1.28,146,159,138,52039,26.12,25.32
349,0.00,3,6,10,0,49.90,49.90
350,0.04,4,8,10,0,49.42,49.57
351,1.57,150,166,139,70441,24.91,24.99
352,0.00,3,7,10,0,49.89,49.90
353,0.04,4,8,10,0,49.42,49.57
354,1.11,147,160,140,40797,27.70,27.54
355,0.00,3,5,11,0,49.77,49.79
356,0.04,4,9,11,0,49.31,49.45
357,0.73,143,161,137,21864,30.07,29.95
358,0.00,4,6,12,0,49.71,49.72
359,0.04,4,8,12,0,49.22,49.37
360,0.75,147,157,141,22345,29.94,30.09
361,0.00,3,6,11,0,49.80,49.82
362,0.04,4,8,11,0,49.29,49.44
363,0.01,57,101,34,20,48.60,48.95
364,0.00,4,6,11,0,49.79,49.80
365,0.04,4,8,11,0,49.30,49.45
366,0.01,57,101,27,22,48.65,48.96
367,0.00,3,5,11,0,49.78,49.79
368,0.04,4,8,11,0,49.29,49.47
369,0.01,78,130,61,219,47.32,48.72
370,0.00,3,6,11,0,49.79,49.80
371,0.04,4,8,11,0,49.35,49.50
372,0.40,135,155,104,14670,33.01,33.20
373,0.00,4,6,11,0,49.82,49.82
374,0.04,4,8,11,0,49.37,49.52
375,0.38,127,153,110,14940,33.30,33.41
376,0.00,4,7,11,0,49.81,49.82
377,0.04,4,7,11,0,49.37,49.52
378,0.36,132,150,113,15092,33.50,34.18
379,0.00,3,5,12,0,49.86,49.87
380,0.03,4,8,12,0,49.44,49.58
381,0.21,120,153,84,4238,37.69,37.88
382,0.00,4,7,11,0,49.91,49.92
383,0.04,4,9,11,0,49.45,49.61
384,0.20,116,150,70,4194,37.91,38.11
385,0.00,3,5,11,0,49.90,49.91
386,0.03,4,7,12,0,49.48,49.61
387,0.01,57,100,31,10,48.85,49.16
388,0.08,5,9,12,0,47.86,48.63
389,0.03,4,7,11,0,49.59,49.68
390,0.03,59,100,31,19,48.68,49.10
391,0.00,4,6,11,0,49.92,49.92
392,0.04,4,8,11,0,49.37,49.57
393,0.01,79,108,72,60,48.23,49.10
394,0.00,3,7,11,0,49.92,49.93
395,0.04,4,9,11,0,49.45,49.63
396,0.01,101,128,44,53,48.30,47.86
397,0.00,3,6,11,0,49.98,49.98
398,0.03,4,7,11,0,49.61,49.72
399,0.01,56,96,30,21,48.90,49.27
400,0.00,3,5,11,0,49.95,49.96
401,0.03,4,7,11,0,49.59,49.73
402,0.16,79,107,71,254,42.20,42.79
403,0.00,4,6,11,0,49.95,49.96
404,0.03,4,7,11,0,49.62,49.76
405,0.07,43,75,27,0,46.71,47.19
406,0.00,4,6,11,0,49.98,49.99
407,10.57,182,203,156,278700,17.50,15.85
408,0.03,4,7,12,0,48.17,48.22
409,0.08,43,85,24,0,46.73,46.64
410,0.04,4,7,12,0,48.09,48.17
411,0.07,53,92,31,10,46.60,46.36
412,0.04,4,9,12,0,48.08,48.18
413,0.07,44,84,18,0,46.67,46.28
414,0.04,5,8,12,0,48.08,48.17
415,0.07,45,91,22,5,46.51,46.19
416,0.04,4,8,13,0,48.10,48.19
417,0.08,44,90,22,5,46.41,46.08
418,0.03,4,8,13,0,48.10,48.20
419,0.08,44,92,23,7,46.22,46.05
420,0.03,4,7,13,0,48.12,48.20
421,0.08,50,87,25,22,45.95,45.91
422,0.03,4,8,13,0,48.12,48.21
423,0.09,52,89,27,25,45.77,45.69
424,0.03,4,7,13,0,48.13,48.22
425,0.09,51,91,27,19,45.80,45.07
426,0.03,4,8,13,0,48.16,48.24
427,0.10,48,83,26,16,45.69,44.59
428,0.95,152,169,152,35860,27.47,27.53
429,0.14,56,87,30,18,45.20,44.16
430,0.03,4,9,13,0,48.01,48.10
431,1.10,150,166,149,34090,27.76,28.02
432,0.03,4,9,13,0,48.07,48.19
433,0.13,56,102,31,40,44.61,43.59
434,1.30,157,179,153,55638,25.42,26.26
435,0.18,54,105,32,46,44.33,43.31
436,0.01,6,13,13,0,46.27,47.22
437,0.84,136,150,131,23593,29.57,30.21
438,0.03,4,10,13,0,48.36,48.47
439,0.95,132,157,131,26569,30.14,29.75
440,0.04,4,8,13,0,48.36,48.50
441,0.16,76,114,39,54,43.59,42.29
442,0.04,4,9,13,0,48.39,48.53
443,0.41,130,144,104,4852,35.74,35.80
444,0.04,4,9,13,0,48.42,48.56
445,0.16,64,130,48,63,43.86,42.25
446,0.01,108,132,79,1464,39.95,40.64
447,0.01,71,118,46,40,44.08,42.52
448,0.03,5,9,14,0,48.46,48.60
449,0.29,116,128,85,1657,38.86,39.09
450,0.03,5,9,14,0,48.45,48.58
451,0.14,55,101,33,20,44.53,43.29
452,0.14,138,172,131,4764,36.00,36.27
453,0.14,53,97,31,6,44.91,43.54
454,0.02,6,10,13,0,48.57,48.68
455,0.40,144,172,123,4411,35.90,36.09
456,14.15,196,209,190,528161,14.94,13.68
457,0.00,2,3,10,0,48.17,48.17
458,0.00,1,2,10,0,48.17,48.17
459,0.00,0,0,10,0,48.17,48.17
460,0.00,0,0,10,0,48.17,48.17
461,0.00,0,0,10,0,48.17,48.17
462,0.00,2,2,10,0,48.17,48.17
463,0.00,1,2,10,0,48.17,48.17
464,0.00,0,0,10,0,48.17,48.17
465,0.00,0,0,10,0,48.17,48.17
466,0.00,0,0,10,0,48.17,48.17
467,0.00,0,0,10,0,48.17,48.17
468,0.00,0,0,10,0,48.17,48.17
469,0.00,2,2,10,0,48.17,48.17
470,0.00,2,3,10,0,48.17,48.17
471,0.00,2,3,10,0,48.17,48.17
472,0.00,2,3,10,0,48.17,48.17
473,0.00,2,3,10,0,48.17,48.17
474,0.00,2,3,10,0,48.17,48.17
475,0.00,2,3,10,0,48.17,48.17
476,0.00,2,3,10,0,48.17,48.17
477,0.00,0,0,10,0,48.17,48.17
478,0.00,0,0,10,0,48.17,48.17
479,0.00,0,0,10,0,48.17,48.17
480,0.00,2,2,10,0,48.17,48.17
481,0.03,3,7,10,0,47.92,48.01
482,0.07,128,139,111,1840,39.95,41.04
483,0.00,3,5,10,0,48.14,48.16
484,0.12,5,9,10,0,46.46,47.45
485,0.02,127,138,93,1013,42.11,40.94
486,0.00,3,5,10,0,48.09,48.12
487,0.07,4,8,10,0,47.30,47.73
488,0.05,101,130,99,979,42.32,42.33
489,0.02,3,7,10,0,47.86,47.97
490,0.00,3,5,10,0,48.06,48.08
491,0.00,2,5,10,0,48.08,48.09
492,0.00,2,5,10,0,48.09,48.10
493,0.00,2,6,10,0,48.10,48.10
494,0.00,2,5,10,0,48.10,48.11
495,0.00,2,4,10,0,48.10,48.11
496,0.00,2,4,10,0,48.10,48.11
497,0.00,2,5,10,0,48.10,48.11
498,0.00,2,4,10,0,48.11,48.11
499,0.00,2,4,10,0,48.11,48.11
500,0.00,2,4,10,0,48.11,48.11
501,0.00,2,4,10,0,48.11,48.11
502,0.00,2,4,10,0,48.11,48.11
503,0.00,2,3,10,0,48.11,48.11
504,0.00,2,4,10,0,48.11,48.11
505,0.00,3,3,10,0,48.11,48.11
506,0.00,3,3,10,0,48.11,48.11
507,0.00,3,3,10,0,48.11,48.11
508,0.00,3,3,10,0,48.11,48.11
509,0.00,3,3,10,0,48.11,48.11
510,0.00,3,3,10,0,48.11,48.11
511,0.00,3,3,10,0,48.11,48.11
512,0.00,3,3,10,0,48.11,48.11
513,0.00,3,3,10,0,48.11,48.11
514,0.00,3,3,10,0,48.11,48.11
515,0.00,3,3,10,0,48.11,48.11
516,0.00,3,3,10,0,48.11,48.11
517,0.00,3,3,10,0,48.11,48.11
518,0.00,3,3,10,0,48.11,48.11
519,0.00,3,3,10,0,48.11,48.11
520,0.00,3,3,10,0,48.11,48.11
521,0.00,3,3,10,0,48.11,48.11
522,0.00,3,3,10,0,48.11,48.11
523,0.00,2,3,10,0,48.11,48.11
524,0.00,2,5,10,0,48.11,48.11
525,0.00,2,2,10,0,48.11,48.11
526,0.00,3,3,10,0,48.11,48.11
527,0.00,3,3,10,0,48.11,48.11
528,0.00,3,3,10,0,48.11,48.11
529,0.00,3,3,10,0,48.11,48.11
530,0.00,3,3,10,0,48.11,48.11
531,0.00,3,3,10,0,48.11,48.11
532,0.07,4,8,10,0,47.07,47.71
533,0.00,3,3,10,0,48.19,48.19
534,0.00,3,3,10,0,48.19,48.19
535,0.02,4,6,10,0,48.03,48.11
536,1.56,149,162,140,63071,26.82,26.98
537,0.00,4,7,12,0,48.15,48.17
538,0.03,4,8,12,0,47.83,48.03
539,0.98,139,152,117,29482,29.76,30.20
540,0.00,4,7,11,0,48.14,48.16
541,0.03,4,8,11,0,47.81,48.00
542,0.61,121,153,74,9859,32.87,33.84
543,0.00,4,8,12,0,48.17,48.18
544,0.04,4,8,12,0,47.79,48.01
545,0.63,120,147,84,10212,32.79,33.70
546,0.01,4,7,12,0,48.08,48.12
547,0.00,3,7,12,0,48.14,48.15
548,0.00,3,8,12,0,48.16,48.17
549,0.00,3,4,12,0,48.16,48.17
550,0.02,3,7,13,0,47.94,48.08
551,1.51,163,178,152,53363,27.19,27.40
552,0.00,6,7,10,0,48.15,48.16
553,0.03,4,11,10,0,47.88,48.05
554,1.60,161,181,151,57702,26.81,26.95
555,0.00,3,7,12,0,48.21,48.23
556,0.02,4,7,12,0,47.94,48.10
557,2.55,166,179,163,109074,23.77,23.79
558,0.00,4,7,12,0,48.20,48.22
559,0.02,4,9,12,0,47.91,48.09
560,2.43,166,179,158,102623,24.02,24.24
561,0.00,4,7,11,0,48.22,48.24
562,0.03,4,8,11,0,47.88,48.07
563,2.48,166,178,159,103495,23.99,24.08
564,0.00,4,6,12,0,48.21,48.24
565,0.04,4,7,13,0,47.84,48.02
566,0.03,146,169,132,771,42.99,43.25
567,0.00,4,6,12,0,48.20,48.23
568,0.03,4,8,13,0,47.84,48.04
569,0.03,146,169,135,759,43.05,43.19
570,0.00,3,5,12,0,48.23,48.24
571,0.03,4,8,13,0,47.85,48.04
572,0.06,151,176,151,1974,38.62,42.50
573,0.00,5,6,12,0,48.20,48.22
574,0.03,4,8,12,0,47.85,48.05
575,0.03,138,143,81,457,44.75,41.27
576,0.00,3,7,12,0,48.20,48.23
577,0.04,4,8,13,0,47.80,48.02
578,0.05,138,144,138,1124,41.23,44.82
579,0.00,3,6,12,0,48.18,48.21
580,0.09,4,9,12,0,46.84,47.60
581,0.00,3,4,12,0,48.23,48.23
582,0.00,2,2,12,0,48.23,48.23
583,0.02,3,6,12,0,48.01,48.10
584,0.04,137,142,80,459,44.78,41.29
585,0.00,3,5,12,0,48.18,48.19
586,0.03,4,8,12,0,47.87,48.04
587,0.03,146,166,136,758,43.07,43.19
588,0.00,3,6,12,0,48.17,48.19
589,0.03,4,8,12,0,47.88,48.04
590,0.03,146,167,132,769,43.04,43.28
591,0.00,3,5,12,0,48.19,48.20
592,0.03,4,7,12,0,47.93,48.07
593,0.03,146,166,136,755,43.10,43.20
594,0.00,3,6,12,0,48.19,48.20
595,0.03,4,7,12,0,47.92,48.06
596,0.05,150,173,150,1982,38.63,42.53
597,0.00,3,4,12,0,48.22,48.23
598,0.02,4,7,12,0,48.01,48.11
599,0.05,150,173,106,923,42.53,38.56
600,0.00,3,6,12,0,48.19,48.20
601,0.02,3,8,12,0,47.99,48.11
602,0.05,150,173,150,1983,38.65,42.53
603,0.00,3,4,12,0,48.22,48.23
604,0.02,3,8,12,0,48.05,48.14
605,0.03,138,142,80,460,44.84,41.30
606,0.00,3,5,12,0,48.20,48.21
607,0.02,4,6,12,0,48.01,48.11
608,0.03,148,167,138,759,43.11,43.22
609,0.00,3,5,12,0,48.19,48.21
610,0.02,4,6,12,0,48.02,48.12
611,0.02,148,167,133,773,43.08,43.29
612,0.00,3,5,12,0,48.21,48.22
613,0.02,3,6,12,0,48.03,48.13
614,0.03,137,142,137,1135,41.32,44.93
615,0.00,3,4,12,0,48.22,48.23
616,0.00,3,3,12,0,48.23,48.23
617,0.00,3,3,12,0,48.23,48.23
618,15.23,187,190,177,578383,14.67,15.66
619,0.00,2,2,8,0,48.99,48.99
620,0.00,1,3,8,0,48.99,48.99
621,0.00,0,0,8,0,48.99,48.99
622,0.00,0,0,8,0,48.99,48.99
623,0.00,0,0,8,0,48.99,48.99
624,0.00,0,0,8,0,48.99,48.99
625,0.00,0,0,8,0,48.99,48.99
626,0.00,0,0,8,0,48.99,48.99
627,0.00,0,0,8,0,48.99,48.99
628,0.00,2,3,8,0,48.99,48.99
629,0.00,2,2,8,0,48.99,48.99
630,0.00,1,3,8,0,48.99,48.99
631,0.00,0,0,8,0,48.99,48.99
632,0.00,0,0,8,0,48.99,48.99
633,0.00,0,0,8,0,48.99,48.99
634,0.00,0,0,8,0,48.99,48.99
635,0.00,0,0,8,0,48.99,48.99
636,0.00,0,0,8,0,48.99,48.99
637,0.00,0,0,8,0,48.99,48.99
638,0.00,0,0,8,0,48.99,48.99
639,0.00,0,0,8,0,48.99,48.99
640,0.00,0,0,8,0,48.99,48.99
641,0.00,0,0,8,0,48.99,48.99
642,0.00,0,0,8,0,48.99,48.99
643,0.00,0,0,8,0,48.99,48.99
644,0.00,0,0,8,0,48.99,48.99
645,0.00,0,0,8,0,48.99,48.99
646,0.00,0,0,8,0,48.99,48.99
647,0.00,0,0,8,0,48.99,48.99
648,0.00,0,0,8,0,48.99,48.99
649,0.00,0,0,8,0,48.99,48.99
650,0.00,0,0,8,0,48.99,48.99
651,0.00,0,0,8,0,48.99,48.99
652,0.00,0,0,8,0,48.99,48.99
653,0.00,0,0,8,0,48.99,48.99
654,0.00,0,0,8,0,48.99,48.99
655,0.00,0,0,8,0,48.99,48.99
656,0.00,0,0,8,0,48.99,48.99
657,0.00,0,0,8,0,48.99,48.99
658,0.00,0,0,8,0,48.99,48.99
659,0.00,0,0,8,0,48.99,48.99
660,0.00,0,0,8,0,48.99,48.99
661,0.00,0,0,8,0,48.99,48.99
662,0.00,0,0,8,0,48.99,48.99
663,0.00,0,0,8,0,48.99,48.99
664,0.00,0,0,8,0,48.99,48.99
665,0.00,0,0,8,0,48.99,48.99
666,0.00,0,0,8,0,48.99,48.99
667,0.00,0,0,8,0,48.99,48.99
668,0.00,0,0,8,0,48.99,48.99
669,0.00,0,0,8,0,48.99,48.99
670,0.00,0,0,8,0,48.99,48.99
671,0.00,0,0,8,0,48.99,48.99
672,0.00,0,0,8,0,48.99,48.99
673,0.00,0,0,8,0,48.99,48.99
674,0.00,0,0,8,0,48.99,48.99
675,0.00,0,0,8,0,48.99,48.99
676,0.01,2,5,8,0,48.82,48.89
677,0.00,1,3,8,0,48.98,48.98
678,0.00,1,3,8,0,48.98,48.98
679,0.00,0,0,8,0,48.98,48.98
680,0.00,0,0,8,0,48.98,48.98
681,0.00,0,0,8,0,48.98,48.98
682,0.00,0,0,8,0,48.98,48.98
683,0.00,0,0,8,0,48.98,48.98
684,0.00,0,0,8,0,48.98,48.98
685,0.00,0,0,8,0,48.98,48.98
686,0.00,0,0,8,0,48.98,48.98
687,0.00,0,0,8,0,48.98,48.98
688,0.00,0,0,8,0,48.98,48.98
689,0.00,0,0,8,0,48.98,48.98
690,0.00,0,0,8,0,48.98,48.98
691,0.00,0,0,8,0,48.98,48.98
692,0.00,0,0,8,0,48.98,48.98
693,0.00,0,0,8,0,48.98,48.98
694,0.00,0,0,8,0,48.98,48.98
695,0.00,0,0,8,0,48.98,48.98
696,0.00,0,0,8,0,48.98,48.98
697,0.00,0,0,8,0,48.98,48.98
698,0.00,0,0,8,0,48.98,48.98
699,0.00,0,0,8,0,48.98,48.98
700,0.00,0,0,8,0,48.98,48.98
701,0.00,0,0,8,0,48.98,48.98
702,0.00,0,0,8,0,48.98,48.98
703,0.00,2,2,8,0,48.98,48.98
704,0.00,2,2,8,0,48.98,48.98
705,0.00,2,2,8,0,48.98,48.98
706,0.00,2,2,8,0,48.98,48.98
707,0.00,2,2,8,0,48.98,48.98
708,0.00,2,2,8,0,48.98,48.98
709,0.00,0,0,8,0,48.98,48.98
710,0.00,0,0,8,0,48.98,48.98
711,0.00,1,1,8,0,48.98,48.98
712,0.00,0,0,8,0,48.98,48.98
713,0.01,3,7,8,0,48.88,48.92
714,1.74,152,159,151,55447,25.38,25.60
715,0.00,3,6,7,0,49.15,49.16
716,0.02,4,8,7,0,48.88,49.02
717,1.04,151,171,131,27601,29.02,28.61
